<XMLSOCCER.COM><Topscorer><Rank>1</Rank><Name>Daniel Sturridge</Name><TeamName>Liverpool</TeamName><Team_Id>6</Team_Id><Nationality>England</Nationality><Goals>8</Goals><FirstScorer>4</FirstScorer><Penalties>0</Penalties><MissedPenalties>0</MissedPenalties></Topscorer><Topscorer><Rank>1</Rank><Name>Sergio Aguero</Name><TeamName>Man City</TeamName><Team_Id>18</Team_Id><Nationality>Argentina</Nationality><Goals>8</Goals><FirstScorer>2</FirstScorer><Penalties>0</Penalties><MissedPenalties>1</MissedPenalties></Topscorer><Topscorer><Rank>1</Rank><Name>Daniel Sturridge</Name><TeamName>Liverpool</TeamName><Team_Id>6</Team_Id><Nationality>England</Nationality><Goals>8</Goals><FirstScorer>4</FirstScorer><Penalties>0</Penalties><MissedPenalties>0</MissedPenalties></Topscorer><Topscorer><Rank>1</Rank><Name>Sergio Ag&#195;&#402;&#194;&#188;ero</Name><TeamName>Man City</TeamName><Team_Id>18</Team_Id><Nationality>Argentina</Nationality><Goals>8</Goals><FirstScorer>2</FirstScorer><Penalties>0</Penalties><MissedPenalties>1</MissedPenalties></Topscorer><Topscorer><Rank>3</Rank><Name>Robin van Persie</Name><TeamName>Man United</TeamName><Team_Id>17</Team_Id><Nationality>Netherlands</Nationality><Goals>6</Goals><FirstScorer>3</FirstScorer><Penalties>1</Penalties><MissedPenalties>0</MissedPenalties></Topscorer><Topscorer><Rank>3</Rank><Name>Aaron Ramsey</Name><TeamName>Arsenal</TeamName><Team_Id>9</Team_Id><Nationality>Wales</Nationality><Goals>6</Goals><FirstScorer>1</FirstScorer><Penalties>0</Penalties><MissedPenalties>0</MissedPenalties></Topscorer><Topscorer><Rank>3</Rank><Name>Loic Remy</Name><TeamName>Newcastle</TeamName><Team_Id>8</Team_Id><Nationality>France</Nationality><Goals>6</Goals><FirstScorer>2</FirstScorer><Penalties>0</Penalties><MissedPenalties>0</MissedPenalties></Topscorer><Topscorer><Rank>3</Rank><Name>Luis Suarez</Name><TeamName>Liverpool</TeamName><Team_Id>6</Team_Id><Nationality>Uruguay</Nationality><Goals>6</Goals><FirstScorer>2</FirstScorer><Penalties>0</Penalties><MissedPenalties>0</MissedPenalties></Topscorer><Topscorer><Rank>7</Rank><Name>Olivier Giroud</Name><TeamName>Arsenal</TeamName><Team_Id>9</Team_Id><Nationality>France</Nationality><Goals>5</Goals><FirstScorer>4</FirstScorer><Penalties>0</Penalties><MissedPenalties>0</MissedPenalties></Topscorer><Topscorer><Rank>7</Rank><Name>Yaya Tour&#195;&#402;&#194;&#169;</Name><TeamName>Man City</TeamName><Team_Id>18</Team_Id><Nationality>Ivory_Coast</Nationality><Goals>5</Goals><FirstScorer>1</FirstScorer><Penalties>0</Penalties><MissedPenalties>0</MissedPenalties></Topscorer><Topscorer><Rank>7</Rank><Name>Wayne Rooney</Name><TeamName>Man United</TeamName><Team_Id>17</Team_Id><Nationality>England</Nationality><Goals>5</Goals><FirstScorer>0</FirstScorer><Penalties>0</Penalties><MissedPenalties>0</MissedPenalties></Topscorer><Topscorer><Rank>7</Rank><Name>Romelu Lukaku</Name><TeamName>Everton</TeamName><Team_Id>20</Team_Id><Nationality>Belgium</Nationality><Goals>5</Goals><FirstScorer>3</FirstScorer><Penalties>0</Penalties><MissedPenalties>0</MissedPenalties></Topscorer><Topscorer><Rank>11</Rank><Name>Christian Benteke</Name><TeamName>Aston Villa</TeamName><Team_Id>5</Team_Id><Nationality>Belgium</Nationality><Goals>4</Goals><FirstScorer>1</FirstScorer><Penalties>1</Penalties><MissedPenalties>2</MissedPenalties></Topscorer><Topscorer><Rank>11</Rank><Name>Roberto Soldado</Name><TeamName>Tottenham</TeamName><Team_Id>21</Team_Id><Nationality>Spain</Nationality><Goals>4</Goals><FirstScorer>3</FirstScorer><Penalties>3</Penalties><MissedPenalties>0</MissedPenalties></Topscorer><Topscorer><Rank>11</Rank><Name>Oscar</Name><TeamName>Chelsea</TeamName><Team_Id>15</Team_Id><Nationality>Brazil</Nationality><Goals>4</Goals><FirstScorer>3</FirstScorer><Penalties>0</Penalties><MissedPenalties>0</MissedPenalties></Topscorer><Topscorer><Rank>11</Rank><Name>Alvaro Negredo</Name><TeamName>Man City</TeamName><Team_Id>18</Team_Id><Nationality>Spain</Nationality><Goals>4</Goals><FirstScorer>1</FirstScorer><Penalties>0</Penalties><MissedPenalties>0</MissedPenalties></Topscorer><Topscorer><Rank>15</Rank><Name>Rickie Lambert</Name><TeamName>Southampton</TeamName><Team_Id>41</Team_Id><Nationality>England</Nationality><Goals>3</Goals><FirstScorer>2</FirstScorer><Penalties>1</Penalties><MissedPenalties>0</MissedPenalties></Topscorer><Topscorer><Rank>15</Rank><Name>David Silva</Name><TeamName>Man City</TeamName><Team_Id>18</Team_Id><Nationality>Spain</Nationality><Goals>3</Goals><FirstScorer>2</FirstScorer><Penalties>0</Penalties><MissedPenalties>0</MissedPenalties></Topscorer><Topscorer><Rank>15</Rank><Name>Edin Dzeko</Name><TeamName>Man City</TeamName><Team_Id>18</Team_Id><Nationality>Bosnia_Herzegovina</Nationality><Goals>3</Goals><FirstScorer>1</FirstScorer><Penalties>0</Penalties><MissedPenalties>0</MissedPenalties></Topscorer><Topscorer><Rank>15</Rank><Name>Robert Brady</Name><TeamName>Hull</TeamName><Team_Id>22</Team_Id><Nationality>Ireland</Nationality><Goals>3</Goals><FirstScorer>2</FirstScorer><Penalties>2</Penalties><MissedPenalties>0</MissedPenalties></Topscorer><Topscorer><Rank>15</Rank><Name>Gylfi Sigurdsson</Name><TeamName>Tottenham</TeamName><Team_Id>21</Team_Id><Nationality>Iceland</Nationality><Goals>3</Goals><FirstScorer>2</FirstScorer><Penalties>0</Penalties><MissedPenalties>0</MissedPenalties></Topscorer><Topscorer><Rank>15</Rank><Name>Eden Hazard</Name><TeamName>Chelsea</TeamName><Team_Id>15</Team_Id><Nationality>Belgium</Nationality><Goals>3</Goals><FirstScorer>0</FirstScorer><Penalties>0</Penalties><MissedPenalties>0</MissedPenalties></Topscorer><Topscorer><Rank>15</Rank><Name>Jay Rodriguez</Name><TeamName>Southampton</TeamName><Team_Id>41</Team_Id><Nationality>England</Nationality><Goals>3</Goals><FirstScorer>0</FirstScorer><Penalties>0</Penalties><MissedPenalties>0</MissedPenalties></Topscorer><Topscorer><Rank>22</Rank><Name>Pajtim Kasami</Name><TeamName>Fulham</TeamName><Team_Id>4</Team_Id><Nationality>Switzerland</Nationality><Goals>2</Goals><FirstScorer>1</FirstScorer><Penalties>0</Penalties><MissedPenalties>0</MissedPenalties></Topscorer><Topscorer><Rank>22</Rank><Name>Ross Barkley</Name><TeamName>Everton</TeamName><Team_Id>20</Team_Id><Nationality>England</Nationality><Goals>2</Goals><FirstScorer>0</FirstScorer><Penalties>0</Penalties><MissedPenalties>0</MissedPenalties></Topscorer><Topscorer><Rank>22</Rank><Name>Danny Welbeck</Name><TeamName>Man United</TeamName><Team_Id>17</Team_Id><Nationality>England</Nationality><Goals>2</Goals><FirstScorer>0</FirstScorer><Penalties>0</Penalties><MissedPenalties>0</MissedPenalties></Topscorer><Topscorer><Rank>22</Rank><Name>Bony Wilfried</Name><TeamName>Swansea</TeamName><Team_Id>19</Team_Id><Nationality>Ivory_Coast</Nationality><Goals>2</Goals><FirstScorer>0</FirstScorer><Penalties>1</Penalties><MissedPenalties>0</MissedPenalties></Topscorer><Topscorer><Rank>22</Rank><Name>Gareth McAuley</Name><TeamName>West Brom</TeamName><Team_Id>16</Team_Id><Nationality>N__Ireland</Nationality><Goals>2</Goals><FirstScorer>0</FirstScorer><Penalties>0</Penalties><MissedPenalties>0</MissedPenalties></Topscorer><Topscorer><Rank>22</Rank><Name>Jack Wilshere</Name><TeamName>Arsenal</TeamName><Team_Id>9</Team_Id><Nationality>England</Nationality><Goals>2</Goals><FirstScorer>1</FirstScorer><Penalties>0</Penalties><MissedPenalties>0</MissedPenalties></Topscorer><Topscorer><Rank>22</Rank><Name>Samir Nasri</Name><TeamName>Man City</TeamName><Team_Id>18</Team_Id><Nationality>France</Nationality><Goals>2</Goals><FirstScorer>0</FirstScorer><Penalties>0</Penalties><MissedPenalties>0</MissedPenalties></Topscorer><Topscorer><Rank>22</Rank><Name>Darren Bent</Name><TeamName>Fulham</TeamName><Team_Id>4</Team_Id><Nationality>England</Nationality><Goals>2</Goals><FirstScorer>1</FirstScorer><Penalties>0</Penalties><MissedPenalties>0</MissedPenalties></Topscorer><Topscorer><Rank>22</Rank><Name>Lukas Podolski</Name><TeamName>Arsenal</TeamName><Team_Id>9</Team_Id><Nationality>Germany</Nationality><Goals>2</Goals><FirstScorer>0</FirstScorer><Penalties>0</Penalties><MissedPenalties>0</MissedPenalties></Topscorer><Topscorer><Rank>22</Rank><Name>Emanuele Giaccherini</Name><TeamName>Sunderland</TeamName><Team_Id>7</Team_Id><Nationality>Italy</Nationality><Goals>2</Goals><FirstScorer>1</FirstScorer><Penalties>0</Penalties><MissedPenalties>0</MissedPenalties></Topscorer><Topscorer><Rank>22</Rank><Name>Craig Gardner</Name><TeamName>Sunderland</TeamName><Team_Id>7</Team_Id><Nationality>England</Nationality><Goals>2</Goals><FirstScorer>1</FirstScorer><Penalties>1</Penalties><MissedPenalties>0</MissedPenalties></Topscorer><Topscorer><Rank>22</Rank><Name>Fraizer Campbell</Name><TeamName>Cardiff</TeamName><Team_Id>44</Team_Id><Nationality>England</Nationality><Goals>2</Goals><FirstScorer>0</FirstScorer><Penalties>0</Penalties><MissedPenalties>0</MissedPenalties></Topscorer><Topscorer><Rank>22</Rank><Name>Michu</Name><TeamName>Swansea</TeamName><Team_Id>19</Team_Id><Nationality>Spain</Nationality><Goals>2</Goals><FirstScorer>1</FirstScorer><Penalties>0</Penalties><MissedPenalties>0</MissedPenalties></Topscorer><Topscorer><Rank>22</Rank><Name>Ben Davies</Name><TeamName>Swansea</TeamName><Team_Id>19</Team_Id><Nationality>Wales</Nationality><Goals>2</Goals><FirstScorer>1</FirstScorer><Penalties>0</Penalties><MissedPenalties>0</MissedPenalties></Topscorer><Topscorer><Rank>22</Rank><Name>Hatem Ben Arfa</Name><TeamName>Newcastle</TeamName><Team_Id>8</Team_Id><Nationality>France</Nationality><Goals>2</Goals><FirstScorer>2</FirstScorer><Penalties>0</Penalties><MissedPenalties>0</MissedPenalties></Topscorer><Topscorer><Rank>22</Rank><Name>Steven Fletcher</Name><TeamName>Sunderland</TeamName><Team_Id>7</Team_Id><Nationality>Scotland</Nationality><Goals>2</Goals><FirstScorer>1</FirstScorer><Penalties>0</Penalties><MissedPenalties>0</MissedPenalties></Topscorer><Topscorer><Rank>22</Rank><Name>Dwight Gayle</Name><TeamName>Crystal Palace</TeamName><Team_Id>38</Team_Id><Nationality>England</Nationality><Goals>2</Goals><FirstScorer>0</FirstScorer><Penalties>1</Penalties><MissedPenalties>0</MissedPenalties></Topscorer><Topscorer><Rank>22</Rank><Name>Yohan Cabaye</Name><TeamName>Newcastle</TeamName><Team_Id>8</Team_Id><Nationality>France</Nationality><Goals>2</Goals><FirstScorer>1</FirstScorer><Penalties>0</Penalties><MissedPenalties>0</MissedPenalties></Topscorer><Topscorer><Rank>22</Rank><Name>Steve Sidwell</Name><TeamName>Fulham</TeamName><Team_Id>4</Team_Id><Nationality>England</Nationality><Goals>2</Goals><FirstScorer>1</FirstScorer><Penalties>0</Penalties><MissedPenalties>0</MissedPenalties></Topscorer><Topscorer><Rank>22</Rank><Name>Yoan Gouffran</Name><TeamName>Newcastle</TeamName><Team_Id>8</Team_Id><Nationality>France</Nationality><Goals>2</Goals><FirstScorer>1</FirstScorer><Penalties>0</Penalties><MissedPenalties>0</MissedPenalties></Topscorer><Topscorer><Rank>22</Rank><Name>Leighton Baines</Name><TeamName>Everton</TeamName><Team_Id>20</Team_Id><Nationality>England</Nationality><Goals>2</Goals><FirstScorer>0</FirstScorer><Penalties>0</Penalties><MissedPenalties>0</MissedPenalties></Topscorer><Topscorer><Rank>22</Rank><Name>Morgan Amalfitano</Name><TeamName>West Brom</TeamName><Team_Id>16</Team_Id><Nationality>France</Nationality><Goals>2</Goals><FirstScorer>1</FirstScorer><Penalties>0</Penalties><MissedPenalties>0</MissedPenalties></Topscorer><Topscorer><Rank>22</Rank><Name>Ravel Morrison</Name><TeamName>West Ham</TeamName><Team_Id>43</Team_Id><Nationality>England</Nationality><Goals>2</Goals><FirstScorer>1</FirstScorer><Penalties>0</Penalties><MissedPenalties>0</MissedPenalties></Topscorer><Topscorer><Rank>22</Rank><Name>Jordon Mutch</Name><TeamName>Cardiff</TeamName><Team_Id>44</Team_Id><Nationality>England</Nationality><Goals>2</Goals><FirstScorer>1</FirstScorer><Penalties>0</Penalties><MissedPenalties>0</MissedPenalties></Topscorer><Topscorer><Rank>22</Rank><Name>Steven Caulker</Name><TeamName>Cardiff</TeamName><Team_Id>44</Team_Id><Nationality>England</Nationality><Goals>2</Goals><FirstScorer>2</FirstScorer><Penalties>0</Penalties><MissedPenalties>0</MissedPenalties></Topscorer><Topscorer><Rank>22</Rank><Name>Saido Berahino</Name><TeamName>West Brom</TeamName><Team_Id>16</Team_Id><Nationality>England</Nationality><Goals>2</Goals><FirstScorer>1</FirstScorer><Penalties>0</Penalties><MissedPenalties>0</MissedPenalties></Topscorer><Topscorer><Rank>22</Rank><Name>Jonathan Howson</Name><TeamName>Norwich</TeamName><Team_Id>13</Team_Id><Nationality>England</Nationality><Goals>2</Goals><FirstScorer>1</FirstScorer><Penalties>0</Penalties><MissedPenalties>0</MissedPenalties></Topscorer><Topscorer><Rank>22</Rank><Name>Steven Gerrard</Name><TeamName>Liverpool</TeamName><Team_Id>6</Team_Id><Nationality>England</Nationality><Goals>2</Goals><FirstScorer>0</FirstScorer><Penalties>2</Penalties><MissedPenalties>0</MissedPenalties></Topscorer><Topscorer><Rank>22</Rank><Name>Adnan Januzaj</Name><TeamName>Man United</TeamName><Team_Id>17</Team_Id><Nationality>Belgium</Nationality><Goals>2</Goals><FirstScorer>0</FirstScorer><Penalties>0</Penalties><MissedPenalties>0</MissedPenalties></Topscorer><AccountInformation>Data requested at xx-xx-xxxx xx:xx:xx from xxx.xxx.xxx.xxx, Username: xxxx. Your current supscription runs out on xx-xx-xxxx xx:xx:xx.</AccountInformation></XMLSOCCER.COM>