Rank,Name,TeamName,Team_Id,Nationality,Goals,FirstScorer,Penalties,MissedPenalties
1,Daniel Sturridge,Liverpool,6,England,8,4,0,0
1,Sergio Aguero,Man City,18,Argentina,8,2,0,1
1,Daniel Sturridge,Liverpool,6,England,8,4,0,0
1,Sergio AgÃ¼ero,Man City,18,Argentina,8,2,0,1
3,Robin van Persie,Man United,17,Netherlands,6,3,1,0
3,Aaron Ramsey,Arsenal,9,Wales,6,1,0,0
3,Loic Remy,Newcastle,8,France,6,2,0,0
3,Luis Suarez,Liverpool,6,Uruguay,6,2,0,0
7,Olivier Giroud,Arsenal,9,France,5,4,0,0
7,Yaya TourÃ©,Man City,18,Ivory_Coast,5,1,0,0
7,Wayne Rooney,Man United,17,England,5,0,0,0
7,Romelu Lukaku,Everton,20,Belgium,5,3,0,0
11,Christian Benteke,Aston Villa,5,Belgium,4,1,1,2
11,Roberto Soldado,Tottenham,21,Spain,4,3,3,0
11,Oscar,Chelsea,15,Brazil,4,3,0,0
11,Alvaro Negredo,Man City,18,Spain,4,1,0,0
15,Rickie Lambert,Southampton,41,England,3,2,1,0
15,David Silva,Man City,18,Spain,3,2,0,0
15,Edin Dzeko,Man City,18,Bosnia_Herzegovina,3,1,0,0
15,Robert Brady,Hull,22,Ireland,3,2,2,0
15,Gylfi Sigurdsson,Tottenham,21,Iceland,3,2,0,0
15,Eden Hazard,Chelsea,15,Belgium,3,0,0,0
15,Jay Rodriguez,Southampton,41,England,3,0,0,0
22,Pajtim Kasami,Fulham,4,Switzerland,2,1,0,0
22,Ross Barkley,Everton,20,England,2,0,0,0
22,Danny Welbeck,Man United,17,England,2,0,0,0
22,Bony Wilfried,Swansea,19,Ivory_Coast,2,0,1,0
22,Gareth McAuley,West Brom,16,N__Ireland,2,0,0,0
22,Jack Wilshere,Arsenal,9,England,2,1,0,0
22,Samir Nasri,Man City,18,France,2,0,0,0
22,Darren Bent,Fulham,4,England,2,1,0,0
22,Lukas Podolski,Arsenal,9,Germany,2,0,0,0
22,Emanuele Giaccherini,Sunderland,7,Italy,2,1,0,0
22,Craig Gardner,Sunderland,7,England,2,1,1,0
22,Fraizer Campbell,Cardiff,44,England,2,0,0,0
22,Michu,Swansea,19,Spain,2,1,0,0
22,Ben Davies,Swansea,19,Wales,2,1,0,0
22,Hatem Ben Arfa,Newcastle,8,France,2,2,0,0
22,Steven Fletcher,Sunderland,7,Scotland,2,1,0,0
22,Dwight Gayle,Crystal Palace,38,England,2,0,1,0
22,Yohan Cabaye,Newcastle,8,France,2,1,0,0
22,Steve Sidwell,Fulham,4,England,2,1,0,0
22,Yoan Gouffran,Newcastle,8,France,2,1,0,0
22,Leighton Baines,Everton,20,England,2,0,0,0
22,Morgan Amalfitano,West Brom,16,France,2,1,0,0
22,Ravel Morrison,West Ham,43,England,2,1,0,0
22,Jordon Mutch,Cardiff,44,England,2,1,0,0
22,Steven Caulker,Cardiff,44,England,2,2,0,0
22,Saido Berahino,West Brom,16,England,2,1,0,0
22,Jonathan Howson,Norwich,13,England,2,1,0,0
22,Steven Gerrard,Liverpool,6,England,2,0,2,0
22,Adnan Januzaj,Man United,17,Belgium,2,0,0,0
